<infNFe xmlns="http://www.portalfiscal.inf.br/nfe">
  <det nItem="1">
    <imposto>
          <IBSCBS>
            <CST>200</CST>
            <cClassTrib>200022</cClassTrib>
            <gIBSCBS>
              <vBC>100.00</vBC>
              <gIBSUF>
                <pIBSUF>10.00</pIBSUF>
                <gRed>
                  <pRedAliq>100.00</pRedAliq>
                  <pAliqEfet>0.00</pAliqEfet>
                </gRed>
                <vIBSUF>0.00</vIBSUF>
              </gIBSUF>
              <gIBSMun>
                <pIBSMun>5.00</pIBSMun>
                <gRed>
                  <pRedAliq>100.00</pRedAliq>
                  <pAliqEfet>0.00</pAliqEfet>
                </gRed>
                <vIBSMun>0.00</vIBSMun>
              </gIBSMun>
              <vIBS>0.00</vIBS>
              <gCBS>
                <pCBS>2.00</pCBS>
                <gRed>
                  <pRedAliq>100.00</pRedAliq>
                  <pAliqEfet>0.00</pAliqEfet>
                </gRed>
                <vCBS>0.00</vCBS>
              </gCBS>
              <gTribRegular>
                <CSTReg>000</CSTReg>
                <cClassTribReg>000001</cClassTribReg>
                <pAliqEfetRegIBSUF>20.00</pAliqEfetRegIBSUF>
                <vTribRegIBSUF>20.00</vTribRegIBSUF>
                <pAliqEfetRegIBSMun>10.00</pAliqEfetRegIBSMun>
                <vTribRegIBSMun>10.00</vTribRegIBSMun>
                <pAliqEfetRegCBS>7.00</pAliqEfetRegCBS>
                <vTribRegCBS>7.00</vTribRegCBS>
              </gTribRegular>
            </gIBSCBS>
          </IBSCBS>
    </imposto>
  </det>
  <total>
        <IBSCBSTot>
          <vBCIBSCBS>100.00</vBCIBSCBS>
          <gIBS>
            <gIBSUF>
              <vDif>0.00</vDif>
              <vDevTrib>0.00</vDevTrib>
              <vIBSUF>0.00</vIBSUF>
            </gIBSUF>
            <gIBSMun>
              <vDif>0.00</vDif>
              <vDevTrib>0.00</vDevTrib>
              <vIBSMun>0.00</vIBSMun>
            </gIBSMun>
            <vIBS>0.00</vIBS>
            <vCredPres>0.00</vCredPres>
            <vCredPresCondSus>0.00</vCredPresCondSus>
          </gIBS>
          <gCBS>
            <vDif>0.00</vDif>
            <vDevTrib>0.00</vDevTrib>
            <vCBS>0.00</vCBS>
            <vCredPres>0.00</vCredPres>
            <vCredPresCondSus>0.00</vCredPresCondSus>
          </gCBS>
        </IBSCBSTot>
  </total>
</infNFe>