<?xml version="1.0" encoding="UTF-8"?>
<nf3eProc dhConexao="2025-09-08T09:18:28-04:00" ipTransmissor="0.0.0.0" nPortaCon="00000" versao="1.00" xmlns="http://www.portalfiscal.inf.br/nf3e" xmlns:xsi="http://www.w3.org/2001/XMLSchema-instance">
	<NF3e>
		<infNF3e versao="1.00" Id="NF3e99999999999999999999999999999999999999999999">
			<ide>
				<cUF>50</cUF>
				<tpAmb>2</tpAmb>
				<mod>66</mod>
				<serie>2</serie>
				   <nNF>91827364</nNF>
				   <cNF>8374659</cNF>
				<cDV>1</cDV>
				   <dhEmi>2000-01-01T01:01:01-01:00</dhEmi>
				<tpEmis>1</tpEmis>
				<nSiteAutoriz>0</nSiteAutoriz>
				<cMunFG>5003454</cMunFG>
				<finNF3e>1</finNF3e>
				<verProc>2.9.31.0</verProc>
			</ide>
			<emit>
				   <CNPJ>94827365012984</CNPJ>
				   <IE>927364581</IE>
				   <xNome>QJZQKQKQ YQZQ QJQZZQ QJQ QJQKQ - QJQKQ.</xNome>
				   <enderEmit>
					   <xLgr>Qv. Qzqy Qzqzqz</xLgr>
					   <nro>4821</nro>
					   <xBairro>Qzqzq</xBairro>
					   <cMun>1938475</cMun>
					   <xMun>Qzqzq Qzqzq</xMun>
					   <CEP>12345678</CEP>
					   <UF>MS</UF>
				   </enderEmit>
			</emit>
			<dest>
				   <xNome>QJQKQKQ QJQ QJQZZQ QJQ QJQKQ QJQ QJQKQ S.A. - QJQKQKQ</xNome>
				   <CNPJ>83746592038475</CNPJ>
				   <indIEDest>1</indIEDest>
				   <IE>837465920</IE>
				   <enderDest>
					   <xLgr>QZQZQZQ QZQZ QZ QZQZQ</xLgr>
					   <nro>S/N</nro>
					   <xCpl>XX.XXX.XX.XXXXXX QZQ QZQ XXX</xCpl>
					   <xBairro>QZQZ QZQZ</xBairro>
					   <cMun>8374659</cMun>
					   <xMun>QZQZ QZQZ</xMun>
					   <CEP>87654321</CEP>
					   <UF>MS</UF>
				   </enderDest>
			</dest>
			<acessante>
				   <idAcesso>927364</idAcesso>
				   <idCodCliente>837465</idCodCliente>
				<tpAcesso>1</tpAcesso>
				<tpClasse>08</tpClasse>
				<tpSubClasse>28</tpSubClasse>
				<tpFase>3</tpFase>
				<tpGrpTensao>12</tpGrpTensao>
				<tpModTar>01</tpModTar>
				   <latGPS>-12.987654</latGPS>
				   <longGPS>-45.123456</longGPS>
				   <codRoteiroLeitura>123 - 4567 - 890 - 1234</codRoteiroLeitura>
			</acessante>
			<gMed nMed="01">
				   <idMedidor>123456789Q12345</idMedidor>
				   <dMedAnt>2000-01-01</dMedAnt>
				   <dMedAtu>2000-01-02</dMedAtu>
			</gMed>
			<NFdet>
				<det nItem="1">
					<detItem>
						<prod>
							<indOrigemQtd>5</indOrigemQtd>
							<gMedicao>
								<nMed>01</nMed>
								<gMedida>
									<tpGrMed>03</tpGrMed>
									<cPosTarif>0</cPosTarif>
									<uMed>2</uMed>
									<vMedAnt>68530.00</vMedAnt>
									<vMedAtu>68530.00</vMedAtu>
									<vConst>1.00</vConst>
									<vMed>0.00</vMed>
								</gMedida>
							</gMedicao>
							<cProd>601</cProd>
							<xProd>Custo de Disponibilidade</xProd>
							<cClass>0605000</cClass>
							<CFOP>5258</CFOP>
							<uMed>2</uMed>
							<qFaturada>100.0000</qFaturada>
							<vItem>1.10684908</vItem>
							<vProd>110.68</vProd>
						</prod>
						<imposto>
							<ICMS00>
								<CST>00</CST>
								<vBC>110.68</vBC>
								<pICMS>17.00</pICMS>
								<vICMS>18.82</vICMS>
							</ICMS00>
							<PIS>
								<CST>01</CST>
								<vBC>91.86</vBC>
								<pPIS>1.65</pPIS>
								<vPIS>1.51</vPIS>
							</PIS>
							<PISEfet>
								<vBCPISEfet>91.86</vBCPISEfet>
								<pPISEfet>0.788</pPISEfet>
								<vPISEfet>0.72</vPISEfet>
							</PISEfet>
							<COFINS>
								<CST>01</CST>
								<vBC>91.86</vBC>
								<pCOFINS>7.60</pCOFINS>
								<vCOFINS>6.98</vCOFINS>
							</COFINS>
							<COFINSEfet>
								<vBCCOFINSEfet>91.86</vBCCOFINSEfet>
								<pCOFINSEfet>3.6297</pCOFINSEfet>
								<vCOFINSEfet>3.33</vCOFINSEfet>
							</COFINSEfet>
							<IBSCBS>
								<CST>000</CST>
								<cClassTrib>000001</cClassTrib>
								<gIBSCBS>
									<vBC>87.81</vBC>
									<gIBSUF>
										<pIBSUF>0.10</pIBSUF>
										<vIBSUF>0.08</vIBSUF>
									</gIBSUF>
									<gIBSMun>
										<pIBSMun>0.00</pIBSMun>
										<vIBSMun>0.00</vIBSMun>
									</gIBSMun>
									<vIBS>0.08</vIBS>
									<gCBS>
										<pCBS>0.90</pCBS>
										<vCBS>0.79</vCBS>
									</gCBS>
								</gIBSCBS>
							</IBSCBS>
						</imposto>
					</detItem>
				</det>
				<det nItem="2">
					<detItem>
						<gAdBand>
							<dIniAdBand>2025-06-25</dIniAdBand>
							<dFimAdBand>2025-07-23</dFimAdBand>
							<tpBand>3</tpBand>
							<vAdBand>5.62</vAdBand>
						</gAdBand>
						<prod>
							<indOrigemQtd>2</indOrigemQtd>
							<cProd>601</cProd>
							<xProd>Adic. B. Vermelha</xProd>
							<cClass>0640131</cClass>
							<CFOP>5258</CFOP>
							<uMed>2</uMed>
							<qFaturada>100.0000</qFaturada>
							<vItem>0.0562</vItem>
							<vProd>5.62</vProd>
						</prod>
						<imposto>
							<ICMS00>
								<CST>00</CST>
								<vBC>5.62</vBC>
								<pICMS>17.00</pICMS>
								<vICMS>0.95</vICMS>
							</ICMS00>
							<PIS>
								<CST>01</CST>
								<vBC>4.66</vBC>
								<pPIS>1.65</pPIS>
								<vPIS>0.07</vPIS>
							</PIS>
							<PISEfet>
								<vBCPISEfet>4.66</vBCPISEfet>
								<pPISEfet>0.788</pPISEfet>
								<vPISEfet>0.04</vPISEfet>
							</PISEfet>
							<COFINS>
								<CST>01</CST>
								<vBC>4.66</vBC>
								<pCOFINS>7.60</pCOFINS>
								<vCOFINS>0.35</vCOFINS>
							</COFINS>
							<COFINSEfet>
								<vBCCOFINSEfet>4.66</vBCCOFINSEfet>
								<pCOFINSEfet>3.6297</pCOFINSEfet>
								<vCOFINSEfet>0.17</vCOFINSEfet>
							</COFINSEfet>
							<IBSCBS>
								<CST>000</CST>
								<cClassTrib>000001</cClassTrib>
								<gIBSCBS>
									<vBC>4.46</vBC>
									<gIBSUF>
										<pIBSUF>0.10</pIBSUF>
										<vIBSUF>0.00</vIBSUF>
									</gIBSUF>
									<gIBSMun>
										<pIBSMun>0.00</pIBSMun>
										<vIBSMun>0.00</vIBSMun>
									</gIBSMun>
									<vIBS>0.00</vIBS>
									<gCBS>
										<pCBS>0.90</pCBS>
										<vCBS>0.04</vCBS>
									</gCBS>
								</gIBSCBS>
							</IBSCBS>
						</imposto>
					</detItem>
				</det>
			</NFdet>
			<total>
				<vProd>116.30</vProd>
				<ICMSTot>
					<vBC>116.30</vBC>
					<vICMS>19.77</vICMS>
					<vICMSDeson>0</vICMSDeson>
					<vFCP>0.00</vFCP>
					<vBCST>0</vBCST>
					<vST>0</vST>
					<vFCPST>0</vFCPST>
				</ICMSTot>
				<vRetTribTot>
					<vRetPIS>0.00</vRetPIS>
					<vRetCofins>0.00</vRetCofins>
					<vRetCSLL>0.00</vRetCSLL>
					<vIRRF>0.00</vIRRF>
				</vRetTribTot>
				<vCOFINS>7.33</vCOFINS>
				<vCOFINSEfet>3.50</vCOFINSEfet>
				<vPIS>1.58</vPIS>
				<vPISEfet>0.76</vPISEfet>
				<vNF>116.30</vNF>
				<IBSCBSTot>
					<vBCIBSCBS>92.27</vBCIBSCBS>
					<gIBS>
						<gIBSUF>
							<vDif>0.00</vDif>
							<vDevTrib>0.00</vDevTrib>
							<vIBSUF>0.08</vIBSUF>
						</gIBSUF>
						<gIBSMun>
							<vDif>0.00</vDif>
							<vDevTrib>0.00</vDevTrib>
							<vIBSMun>0.00</vIBSMun>
						</gIBSMun>
						<vIBS>0.08</vIBS>
						<!--<vCredPres>0.00</vCredPres>
						<vCredPresCondSus>0.00</vCredPresCondSus>-->
					</gIBS>
					<gCBS>
						<vDif>0.00</vDif>
						<vDevTrib>0.00</vDevTrib>
						<vCBS>0.83</vCBS>
						<!--<vCredPres>0.00</vCredPres>
						<vCredPresCondSus>0.00</vCredPresCondSus>-->
					</gCBS>
				</IBSCBSTot>
			</total>
			<gFat>
				   <CompetFat>200001</CompetFat>
				   <dVencFat>2000-01-03</dVencFat>
				   <dApresFat>2000-01-04</dApresFat>
				   <dProxLeitura>2000-01-05</dProxLeitura>
				   <nFat>83746592</nFat>
				   <codBarras>0</codBarras>
				   <codDebAuto>12345678901</codDebAuto>
				<enderCorresp>
					   <xLgr>Q. QR. QZQZQZQ</xLgr>
					   <nro>987</nro>
					   <xBairro>QZQZQZ QZQZQZQ</xBairro>
					   <cMun>1928374</cMun>
					   <xMun>QZQZQZQZQZ QZ</xMun>
					   <CEP>23456789</CEP>
					<UF>MS</UF>
				</enderCorresp>
			</gFat>
			<gANEEL>
				<gHistFat>
					<xGrandFat>Consumo Meses Anteriores Convencional</xGrandFat>
					<gGrandFat>
						<CompetFat>202507</CompetFat>
						<vFat>0.00</vFat>
						<uMed>2</uMed>
						<qtdDias>29</qtdDias>
					</gGrandFat>
					<gGrandFat>
						<CompetFat>202506</CompetFat>
						<vFat>0.00</vFat>
						<uMed>2</uMed>
						<qtdDias>32</qtdDias>
					</gGrandFat>
					<gGrandFat>
						<CompetFat>202505</CompetFat>
						<vFat>0.00</vFat>
						<uMed>2</uMed>
						<qtdDias>30</qtdDias>
					</gGrandFat>
					<gGrandFat>
						<CompetFat>202504</CompetFat>
						<vFat>0.00</vFat>
						<uMed>2</uMed>
						<qtdDias>30</qtdDias>
					</gGrandFat>
					<gGrandFat>
						<CompetFat>202503</CompetFat>
						<vFat>0.00</vFat>
						<uMed>2</uMed>
						<qtdDias>32</qtdDias>
					</gGrandFat>
					<gGrandFat>
						<CompetFat>202502</CompetFat>
						<vFat>0.00</vFat>
						<uMed>2</uMed>
						<qtdDias>29</qtdDias>
					</gGrandFat>
					<gGrandFat>
						<CompetFat>202501</CompetFat>
						<vFat>0.00</vFat>
						<uMed>2</uMed>
						<qtdDias>30</qtdDias>
					</gGrandFat>
					<gGrandFat>
						<CompetFat>202412</CompetFat>
						<vFat>0.00</vFat>
						<uMed>2</uMed>
						<qtdDias>27</qtdDias>
					</gGrandFat>
					<gGrandFat>
						<CompetFat>202411</CompetFat>
						<vFat>0.00</vFat>
						<uMed>2</uMed>
						<qtdDias>32</qtdDias>
					</gGrandFat>
					<gGrandFat>
						<CompetFat>202410</CompetFat>
						<vFat>0.00</vFat>
						<uMed>2</uMed>
						<qtdDias>30</qtdDias>
					</gGrandFat>
					<gGrandFat>
						<CompetFat>202409</CompetFat>
						<vFat>0.00</vFat>
						<uMed>2</uMed>
						<qtdDias>29</qtdDias>
					</gGrandFat>
					<gGrandFat>
						<CompetFat>202408</CompetFat>
						<vFat>0.00</vFat>
						<uMed>2</uMed>
						<qtdDias>33</qtdDias>
					</gGrandFat>
					<gGrandFat>
						<CompetFat>202407</CompetFat>
						<vFat>0.00</vFat>
						<uMed>2</uMed>
						<qtdDias>30</qtdDias>
					</gGrandFat>
				</gHistFat>
			</gANEEL>
			<autXML>
				   <CNPJ>83746592038475</CNPJ>
			</autXML>
			<autXML>
				   <CNPJ>19283746509123</CNPJ>
			</autXML>
			<infAdic>
				   <infAdFisco>Texto mascarado</infAdFisco>
				   <infCpl>Texto mascarado</infCpl>
			</infAdic>
			<gRespTec>
				   <CNPJ>91827364509182</CNPJ>
				   <xContato>Qzqzqzq qz Qzqzqzq Qzqzqzq</xContato>
				   <email>abc@qzqzqzq.qz.qz</email>
				   <fone>9182736450</fone>
			</gRespTec>
		</infNF3e>
		<infNF3eSupl>
			   <qrCodNF3e>https://www.qzq.qz.qz/nf3e/qrcode?chNF3e=91827364509182736450918273645091827364509182&amp;tpAmb=2</qrCodNF3e>
		</infNF3eSupl>
		<Signature xmlns="http://www.w3.org/2000/09/xmldsig#">
			<SignedInfo>
				<CanonicalizationMethod Algorithm="http://www.w3.org/TR/2001/REC-xml-c14n-20010315"/>
				<SignatureMethod Algorithm="http://www.w3.org/2000/09/xmldsig#rsa-sha1"/>
				   <Reference URI="#IDANONIMIZADO1234567890">
					<Transforms>
						<Transform Algorithm="http://www.w3.org/2000/09/xmldsig#enveloped-signature"/>
						<Transform Algorithm="http://www.w3.org/TR/2001/REC-xml-c14n-20010315"/>
					</Transforms>
					<DigestMethod Algorithm="http://www.w3.org/2000/09/xmldsig#sha1"/>
					   <DigestValue>fDOnHGpZrg6j4zhFItBObegD/NI=</DigestValue>
				</Reference>
			</SignedInfo>
			   <SignatureValue>fDOnHGpZrg6j4zhFItBObegD/NI=</SignatureValue>
			<KeyInfo>
				<X509Data>
					   <X509Certificate>fDOnHGpZrg6j4zhFItBObegD/NI=</X509Certificate>
				</X509Data>
			</KeyInfo>
		</Signature>
	</NF3e>
	<protNF3e versao="1.00">
		<infProt>
			<tpAmb>2</tpAmb>
			   <verAplic>ANONIMOVER123</verAplic>
			   <chNF3e>99999999999999999999999999999999999999999999</chNF3e>
			   <dhRecbto>2000-01-01T01:01:01-01:00</dhRecbto>
			   <nProt>9182736450918273</nProt>
			<digVal>fDOnHGpZrg6j4zhFItBObegD/NI=</digVal>
			<cStat>100</cStat>
			<xMotivo>Autorizado o uso da NF3e</xMotivo>
		</infProt>
	</protNF3e>
</nf3eProc>
