<?xml version="1.0" encoding="UTF-8"?>
<infNF3e xmlns="http://www.portalfiscal.inf.br/nf3e">
	<NFdet>
		<det nItem="1">
			<detItem>
				<imposto>
					<IBSCBS>
						<CST>000</CST>
						<cClassTrib>000001</cClassTrib>
						<gIBSCBS>
							<vBC>87.81</vBC>
							<gIBSUF>
								<pIBSUF>0.10</pIBSUF>
								<vIBSUF>0.08</vIBSUF>
							</gIBSUF>
							<gIBSMun>
								<pIBSMun>0.00</pIBSMun>
								<vIBSMun>0.00</vIBSMun>
							</gIBSMun>
							<vIBS>0.08</vIBS>
							<gCBS>
								<pCBS>0.90</pCBS>
								<vCBS>0.79</vCBS>
							</gCBS>
						</gIBSCBS>
					</IBSCBS>
				</imposto>
			</detItem>
		</det>
		<det nItem="2">
			<detItem>
				<imposto>
					<IBSCBS>
						<CST>000</CST>
						<cClassTrib>000001</cClassTrib>
						<gIBSCBS>
							<vBC>4.46</vBC>
							<gIBSUF>
								<pIBSUF>0.10</pIBSUF>
								<vIBSUF>0.00</vIBSUF>
							</gIBSUF>
							<gIBSMun>
								<pIBSMun>0.00</pIBSMun>
								<vIBSMun>0.00</vIBSMun>
							</gIBSMun>
							<vIBS>0.00</vIBS>
							<gCBS>
								<pCBS>0.90</pCBS>
								<vCBS>0.04</vCBS>
							</gCBS>
						</gIBSCBS>
					</IBSCBS>
				</imposto>
			</detItem>
		</det>
	</NFdet>
	<total>
		<IBSCBSTot>
			<vBCIBSCBS>92.27</vBCIBSCBS>
			<gIBS>
				<gIBSUF>
					<vDif>0.00</vDif>
					<vDevTrib>0.00</vDevTrib>
					<vIBSUF>0.08</vIBSUF>
				</gIBSUF>
				<gIBSMun>
					<vDif>0.00</vDif>
					<vDevTrib>0.00</vDevTrib>
					<vIBSMun>0.00</vIBSMun>
				</gIBSMun>
				<vIBS>0.08</vIBS>
			</gIBS>
			<gCBS>
				<vDif>0.00</vDif>
				<vDevTrib>0.00</vDevTrib>
				<vCBS>0.83</vCBS>
			</gCBS>
		</IBSCBSTot>
	</total>
</infNF3e>