<infNFSe xmlns="http://www.sped.fazenda.gov.br/nfse">
  <IBSCBS>
    <cLocalidadeIncid>3550308</cLocalidadeIncid>
    <xLocalidadeIncid>SAO PAULO</xLocalidadeIncid>
    <pRedutor>0.00</pRedutor>
    <valores>
      <vBC>15000.00</vBC>
      <vCalcReeRepRes>0.00</vCalcReeRepRes>
      <uf>
        <pIBSUF>1.00</pIBSUF>
        <pRedAliqUF>0.00</pRedAliqUF>
        <pAliqEfetUF>1.00</pAliqEfetUF>
      </uf>
      <mun>
        <pIBSMun>1.00</pIBSMun>
        <pRedAliqMun>0.00</pRedAliqMun>
        <pAliqEfetMun>1.00</pAliqEfetMun>
      </mun>
      <fed>
        <pCBS>9.25</pCBS>
        <pRedAliqCBS>0.00</pRedAliqCBS>
        <pAliqEfetCBS>9.25</pAliqEfetCBS>
      </fed>
    </valores>
    <totCIBS>
      <vTotNF>16537.50</vTotNF>
      <gIBS>
        <vIBSTot>300.00</vIBSTot>
        <gIBSUFTot>
          <vDifUF>0.00</vDifUF>
          <vIBSUF>150.00</vIBSUF>
        </gIBSUFTot>
        <gIBSMunTot>
          <vDifMun>0.00</vDifMun>
          <vIBSMun>150.00</vIBSMun>
        </gIBSMunTot>
      </gIBS>
      <gCBS>
        <vDifCBS>0.00</vDifCBS>
        <vCBS>1387.50</vCBS>
      </gCBS>
    </totCIBS>
  </IBSCBS>
</infNFSe>
