<?xml version="1.0" encoding="UTF-8"?>
<infBPe xmlns="http://www.portalfiscal.inf.br/bpe">
	<detBPeTM>
		<det nViagem="1">
			<imp>
				<IBSCBS>
					<CST>000</CST>
					<cClassTrib>000001</cClassTrib>
					<gIBSCBS>
						<vBC>100.00</vBC>
						<gIBSUF>
							<pIBSUF>0.1000</pIBSUF>
							<vIBSUF>0.10</vIBSUF>
						</gIBSUF>
						<gIBSMun>
							<pIBSMun>0.0000</pIBSMun>
							<vIBSMun>0.00</vIBSMun>
						</gIBSMun>
						<vIBS>0.10</vIBS>
						<gCBS>
							<pCBS>0.9000</pCBS>
							<vCBS>0.90</vCBS>
						</gCBS>
					</gIBSCBS>
				</IBSCBS>
			</imp>
		</det>
	</detBPeTM>
	<total>
		<IBSCBSTot>
			<vBCIBSCBS>100.00</vBCIBSCBS>
			<gIBS>
				<gIBSUF>
					<vDif>0.00</vDif>
					<vDevTrib>0.00</vDevTrib>
					<vIBSUF>0.10</vIBSUF>
				</gIBSUF>
				<gIBSMun>
					<vDif>0.00</vDif>
					<vDevTrib>0.00</vDevTrib>
					<vIBSMun>0.00</vIBSMun>
				</gIBSMun>
				<vIBS>0.10</vIBS>
			</gIBS>
			<gCBS>
				<vDif>0.00</vDif>
				<vDevTrib>0.00</vDevTrib>
				<vCBS>0.90</vCBS>
			</gCBS>
		</IBSCBSTot>
	</total>
</infBPe>